area_frac,bg_map_on_self_mean,category,image_id,is_thing,map_inside_mean,map_neutral_mass_frac,map_neutral_mean,map_other_region_mass_frac,map_other_region_mean,map_outside_mass_frac,map_outside_mean,map_self_mass_frac,object_index,own_gt_patch_win_frac,sample_index,size_bucket
0.788330078125,4.0650397750141565e-06,"bear",285,True,0.0012368555180728436,0.0015484599862247705,7.143990842450876e-06,0.0,0.0,0.0015484599862247705,7.143990842450876e-06,0.9984515905380249,0,1.0,0,"large"
0.044189453125,2.0074671738257166e-06,"person",4765,True,0.0219279732555151,0.005398810841143131,5.6237613534904085e-06,0.0023604228626936674,0.000125889215269126,0.007759233936667442,7.9276978794951e-06,0.9922407865524292,0,0.9779005646705627,1,"medium"
0.018310546875,4.810996870219242e-06,"surfboard",4765,True,0.051037080585956573,0.00975771527737379,1.016428905131761e-05,0.03329715132713318,0.0007358487928286195,0.043054867535829544,4.283002272131853e-05,0.95694500207901,1,1.0,1,"small"
0.444091796875,3.638821726781316e-05,"motorcycle",7386,True,0.002145470352843404,0.014859000220894814,2.770909122773446e-05,0.010094007477164268,0.0002925799344666302,0.02434740960597992,4.2771032894961536e-05,0.9756526350975037,0,0.9400769472122192,2,"large"
0.02783203125,1.3992338608659338e-05,"truck",7386,True,0.029108067974448204,0.03810262307524681,7.10538515704684e-05,0.13232819736003876,0.0002878264640457928,0.17042012512683868,0.00017119049152825028,0.8295798301696777,1,0.8771929740905762,2,"small"
0.005859375,4.1495318328088615e-06,"dog",7386,True,0.14950363337993622,0.04008485749363899,7.475031452486292e-05,0.06289883702993393,0.0001302927703363821,0.10297814011573792,0.00010115731129189953,0.8970218300819397,2,0.8333333134651184,2,"tiny"
0.508544921875,2.428974403301254e-05,"bowl",8277,True,0.001237899879924953,0.08046352118253708,0.000325433851685375,0.27525508403778076,0.0010679150000214577,0.35536372661590576,0.0007061375654302537,0.644636332988739,0,0.9860777854919434,3,"large"
0.17724609375,1.9481494746287353e-06,"bowl",8277,True,0.004744293168187141,0.02885029837489128,0.00011668472870951518,0.11158959567546844,0.00018629315309226513,0.13891085982322693,0.00016487935499753803,0.8610892295837402,1,0.6460055112838745,3,"large"
0.028076171875,3.481320845821756e-06,"fork",8277,True,0.030697854235768318,0.02402137778699398,9.71542249317281e-05,0.09422570466995239,0.00012563429481815547,0.11743668466806412,0.00011799718777183443,0.8825631737709045,2,0.8608695864677429,3,"small"
0.010986328125,1.436519141861936e-06,"broccoli",8277,True,0.01737864688038826,0.17254988849163055,0.0006978762685321271,0.6322459578514099,0.0008256559376604855,0.8044901490211487,0.0007943621603772044,0.19550974667072296,3,0.644444465637207,3,"small"
0.011962890625,1.938617970154155e-06,"broccoli",8277,True,0.00666380301117897,0.1351151466369629,0.0005464717978611588,0.783260703086853,0.001024204888381064,0.9183684587478638,0.0009077029535546899,0.08163158595561981,4,0.08163265138864517,3,"small"
0.01171875,1.2508985491876956e-06,"broccoli",8277,True,0.021221959963440895,0.14850960671901703,0.000600645609665662,0.5973032116889954,0.0007805335335433483,0.7453364729881287,0.0007364985649473965,0.25466349720954895,5,0.1666666716337204,3,"small"
0.007568359375,1.4055615338293137e-06,"broccoli",8277,True,0.00014644076873082668,0.4714983403682709,0.0019069700501859188,0.5273668169975281,0.0006857825792394578,0.9988651275634766,0.0009828931652009487,0.0011349159758538008,6,0.0,3,"tiny"
0.00732421875,1.3865266055290704e-06,"broccoli",8277,True,0.005409589968621731,0.6344213485717773,0.002565910341218114,0.32540252804756165,0.0004221894487272948,0.959428071975708,0.0009438544511795044,0.040571924299001694,7,0.0,3,"tiny"
0.04443359375,1.4378207424670109e-06,"person",9400,True,0.0008267424418590963,0.9552928805351257,0.0010911397403106093,0.0070904335007071495,6.883915921207517e-05,0.9623832702636719,0.0009835291421040893,0.0376167818903923,0,0.021978022530674934,4,"medium"
0.01708984375,1.611016500646656e-06,"laptop",9400,True,0.0003956867731176317,0.8302139043807983,0.0009482740424573421,0.1628616452217102,0.001243218663148582,0.9930755496025085,0.0009866622276604176,0.006924518384039402,1,0.0,4,"small"
0.02978515625,1.1891979738720693e-06,"keyboard",9400,True,0.02127314731478691,0.11805082857608795,0.0001348381774732843,0.2331182211637497,0.0019755782559514046,0.35116904973983765,0.0003534665738698095,0.6488310098648071,2,0.7049180269241333,4,"small"
0.0244140625,2.171189180444344e-06,"keyboard",9400,True,0.030481643974781036,0.10772055387496948,0.00012303890252951533,0.1302383542060852,0.0010545615805312991,0.2379589080810547,0.00023819709895178676,0.7620410919189453,3,0.3199999928474426,4,"small"
0.01123046875,2.164603984056157e-06,"cup",9400,True,0.005130908917635679,0.7505830526351929,0.0008573194500058889,0.19041143357753754,0.0013898647157475352,0.9409946203231812,0.0009293775074183941,0.05900544673204422,4,0.6521739363670349,4,"small"
0.00390625,1.6570636489632307e-06,"keyboard",9400,True,0.0009226258844137192,0.15718552470207214,0.00017953800852410495,0.8391240239143372,0.005807086825370789,0.9963095188140869,0.0009767740266397595,0.0036905035376548767,5,0.0,4,"tiny"
0.00439453125,1.8938023913506186e-06,"mouse",9400,True,0.1793874055147171,0.10400181263685226,0.00011879132216563448,0.08875490725040436,0.0006163534708321095,0.19275672733783722,0.0001890698476927355,0.8072434067726135,6,0.7777777910232544,4,"tiny"
0.005859375,4.5486565795727074e-05,"laptop",9400,True,0.001333397813141346,0.22622859477996826,0.00025839931913651526,0.7657710313796997,0.0053738318383693695,0.991999626159668,0.0009744593407958746,0.008000386878848076,7,0.1666666716337204,4,"tiny"
0.0029296875,0.0001788183144526556,"person",9400,True,0.0016860758187249303,0.27180027961730957,0.00031045149080455303,0.7231415510177612,0.004970044828951359,0.9949418306350708,0.0009744777926243842,0.005058227572590113,8,1.0,4,"tiny"
0.0009765625,9.094969755096827e-06,"keyboard",9400,True,1.7958391254069284e-05,0.8030059337615967,0.0009171970887109637,0.19697600603103638,0.0013354307739064097,0.9999819993972778,0.0009774996433407068,1.795838943507988e-05,9,0.0,4,"tiny"
0.17626953125,2.6280758902430534e-06,"person",10707,True,0.005158408544957638,0.0626799613237381,8.778706251177937e-05,0.006227339152246714,4.808756057173014e-05,0.06890730559825897,8.169212378561497e-05,0.9310927391052246,0,0.9529085755348206,5,"large"
0.02587890625,1.1698782145685982e-05,"couch",10707,True,0.03035147301852703,0.10410674661397934,0.00014580777497030795,0.09157927334308624,0.00032303095213137567,0.19568601250648499,0.00019617645011749119,0.8043140172958374,1,0.5660377144813538,5,"small"
0.056640625,2.1889451090828516e-05,"dining table",10707,True,0.010331428609788418,0.0961218923330307,0.00013462449715007097,0.30501335859298706,0.0012055863626301289,0.40077725052833557,0.0004148832813370973,0.5992228388786316,2,0.6206896305084229,5,"medium"
0.0146484375,2.1984416889608838e-05,"backpack",10707,True,0.04910712689161301,0.08445291966199875,0.00011828140122815967,0.17894023656845093,0.0006065770867280662,0.2633931636810303,0.00026104378048330545,0.7366068959236145,3,0.4000000059604645,5,"small"
0.0087890625,1.6220885299844667e-05,"couch",10707,True,0.024642610922455788,0.43274861574172974,0.0006060904706828296,0.3454679250717163,0.0011477340012788773,0.778216540813446,0.000766715791542083,0.22178350389003754,4,0.7777777910232544,5,"tiny"
0.00390625,4.454254849406425e-06,"laptop",10707,True,0.1943242996931076,0.07515205442905426,0.00010525497782509774,0.14755074679851532,0.00048219197196885943,0.22270280122756958,0.00021833607752341777,0.7772971987724304,5,1.0,5,"tiny"
0.005859375,1.979824446607381e-05,"cup",10707,True,0.07125570625066757,0.0957372784614563,0.00013408584345597774,0.47705504298210144,0.0015641150530427694,0.5724658370018005,0.0005623436882160604,0.42753419280052185,6,0.1666666716337204,5,"tiny"
0.0029296875,2.7394353310228325e-05,"bottle",10707,True,0.0029807693790644407,0.07749558240175247,0.00010853722778847441,0.9135621786117554,0.002975772600620985,0.9910577535629272,0.0009706736309453845,0.008942307904362679,7,0.0,5,"tiny"
0.00390625,3.8414633309002966e-05,"bottle",10707,True,0.08431856334209442,0.10869410634040833,0.00015223263471852988,0.5540316104888916,0.0018105608178302646,0.6627257466316223,0.0006497311405837536,0.3372742533683777,8,1.0,5,"tiny"
0.001953125,4.161076503805816e-06,"remote",10707,True,0.15479281544685364,0.1942661702632904,0.00027208152459934354,0.4961481988430023,0.0016108709387481213,0.6904144287109375,0.0006755523500032723,0.3095856010913849,9,0.0,5,"tiny"
0.001953125,2.557633342803456e-05,"cup",10707,True,0.10892219096422195,0.12613487243652344,0.00017665947962086648,0.6560207605361938,0.002129937522113323,0.7821556329727173,0.0007653186330571771,0.2178443819284439,10,0.5,5,"tiny"
0.0009765625,1.3848249182046857e-05,"remote",10707,True,0.022638579830527306,0.11584125459194183,0.00016224264982156456,0.8615202307701111,0.0027880913112312555,0.9773613810539246,0.0009553874842822552,0.022638579830527306,11,1.0,5,"tiny"
0.11474609375,1.3384126305027166e-06,"zebra",11760,True,0.007591583300381899,0.0006018623244017363,8.362102335013333e-07,0.10738714784383774,0.0005750315613113344,0.10798901319503784,0.00011912742775166407,0.8920110464096069,0,0.9404255151748657,6,"large"
0.087646484375,1.5826366279725335e-06,"zebra",11760,True,0.008182995952665806,0.001353433239273727,1.8804213368639466e-06,0.26422280073165894,0.0012318079825490713,0.26557624340057373,0.0002842667745426297,0.7344238758087158,1,0.6239554286003113,6,"medium"
0.0947265625,2.8004401428916026e-06,"zebra",11760,True,0.0039909156039357185,0.005628087557852268,7.81950348027749e-06,0.6072531938552856,0.0029300516471266747,0.6128812432289124,0.0006611447897739708,0.3871188163757324,2,0.8969072103500366,6,"medium"
0.17822265625,2.6147160951950355e-06,"person",13201,True,0.005424096714705229,0.010102448984980583,1.200528731715167e-05,0.0,0.0,0.010102448984980583,1.200528731715167e-05,0.989897608757019,0,1.0,7,"large"
0.3544921875,0.0026211400981992483,"bed",14831,True,0.002516411244869232,0.0865427777171135,0.00013092704466544092,0.0,0.0,0.0865427777171135,0.00013092704466544092,0.9134572744369507,0,1.0,8,"large"
0.25390625,1.233854959536984e-06,"fire hydrant",15746,True,0.0038244558963924646,0.0056414250284433365,7.384064247162314e-06,0.0,0.0,0.0056414250284433365,7.384064247162314e-06,0.9943585395812988,0,1.0,9,"large"
0.09765625,9.003088052850217e-07,"dog",17029,True,0.009763411246240139,0.010841868817806244,1.2773924936482217e-05,0.012817053124308586,0.00017032628238666803,0.02365892194211483,2.5604893380659632e-05,0.9763411283493042,0,1.0,10,"medium"
0.065673828125,5.387198143580463e-06,"car",17029,True,0.012827045284211636,0.09336531162261963,0.00011000331141985953,0.04401598125696182,0.0004075553733855486,0.13738130033016205,0.0001435916346963495,0.8626188039779663,1,0.9702602028846741,10,"medium"
0.0078125,4.798889676749241e-06,"frisbee",17029,True,0.11633520573377609,0.021527566015720367,2.5363849999848753e-05,0.04779081791639328,0.0002857448416762054,0.06931839138269424,6.822677096351981e-05,0.9306815266609192,2,1.0,10,"tiny"
0.025390625,1.5279591707439977e-06,"cup",17714,True,0.029892485588788986,0.21658405661582947,0.0002204418124165386,0.006211390253156424,0.0004007349198218435,0.22279545664787292,0.0002232419647043571,0.7772045135498047,0,1.0,11,"small"
0.0087890625,2.385018433415098e-06,"fork",17714,True,0.02210354059934616,0.7503876686096191,0.0007637534872628748,0.050680454820394516,0.0015593988355249166,0.801068127155304,0.0007892298162914813,0.19893184304237366,1,0.8888888955116272,11,"tiny"
0.0029296875,1.7214797480846755e-06,"banana",17714,True,0.1017463281750679,0.6519387364387512,0.0006635508616454899,0.04282231628894806,0.0011122679570689797,0.6947610378265381,0.0006804711301811039,0.3052389919757843,2,1.0,11,"tiny"
0.00341796875,1.4872522342557204e-06,"banana",17714,True,0.0017019790830090642,0.7919788360595703,0.0008060853579081595,0.20206430554389954,0.005317481700330973,0.9940431118011475,0.0009740745881572366,0.005956926848739386,3,0.7142857313156128,11,"tiny"
0.4287109375,6.848178145446582e-06,"person",19402,True,0.0021329291630536318,0.06364411115646362,0.00010879336332436651,0.0,0.0,0.06364411115646362,0.00010879336332436651,0.9363558292388916,0,1.0,12,"large"
0.013671875,3.194224336766638e-05,"dining table",20553,True,0.045768894255161285,0.3555970788002014,0.00035613126237876713,0.0036384467966854572,0.0003163866640534252,0.3592354655265808,0.00035567866871133447,0.6407645344734192,0,0.8571428656578064,13,"small"
0.0078125,1.692898536020948e-06,"teddy bear",20553,True,0.005283876787871122,0.9463679790496826,0.0009477897547185421,0.011360915377736092,0.0006491952226497233,0.9577289819717407,0.0009426467586308718,0.04227101057767868,1,0.875,13,"tiny"
0.00341796875,8.218737093557138e-06,"vase",20553,True,0.06241574138402939,0.7668011784553528,0.0007679531117901206,0.01474379189312458,0.0006701723323203623,0.7815449833869934,0.0007658451795578003,0.21845509111881256,2,1.0,13,"tiny"
0.212646484375,1.45471824453125e-06,"person",22479,True,0.004472085274755955,0.00933385081589222,1.2482581951189786e-05,0.016913151368498802,0.00028666359139606357,0.026203420013189316,3.250036752433516e-05,0.9737966060638428,0,0.9678530693054199,14,"large"
0.0556640625,1.3575158845924307e-06,"skateboard",22479,True,0.01723461225628853,0.005802696105092764,7.760208973195404e-06,0.012025153264403343,5.472197153721936e-05,0.017627162858843803,1.822870945034083e-05,0.9823728799819946,1,0.9210526347160339,14,"medium"
0.001953125,0.000107311483589001,"bench",22479,True,0.0052551464177668095,0.851830780506134,0.0011391921434551477,0.13765883445739746,0.0005019466043449938,0.9894896745681763,0.0009681896190159023,0.010510291904211044,2,1.0,14,"tiny"
0.20849609375,2.5409697173017776e-06,"horse",23126,True,0.004568731412291527,0.010934509336948395,1.567671642987989e-05,0.013643594458699226,0.00012047323980368674,0.024575918912887573,3.03219239867758e-05,0.9754241704940796,0,0.8548009395599365,15,"large"
0.110595703125,7.247429607559752e-07,"person",23126,True,0.007924802601337433,0.009939219802618027,1.4249777450459078e-05,0.09257830679416656,0.0004336220445111394,0.10251601785421371,0.0001125621929531917,0.8974839448928833,1,0.9713024497032166,15,"large"
0.02197265625,1.6758278434281237e-05,"kite",24027,True,0.037082232534885406,0.16559258103370667,0.00016559258801862597,5.7323541113873944e-05,3.821569407591596e-05,0.1656499058008194,0.00016540179785806686,0.8343502283096313,0,1.0,16,"small"
0.00146484375,5.258110468275845e-05,"person",24027,True,0.407713383436203,0.29886770248413086,0.0002988677006214857,0.08956224471330643,0.003980544395744801,0.3884299397468567,0.0003798825782723725,0.6115700602531433,1,1.0,16,"tiny"
0.1279296875,1.2201663821542752e-06,"person",25393,True,0.0071524083614349365,0.01566927507519722,2.00118483917322e-05,0.047574788331985474,0.00043054114212282,0.06303463131189346,7.058749906718731e-05,0.9369653463363647,0,0.9351145029067993,17,"large"
0.0986328125,1.6133238887050538e-06,"person",25393,True,0.008584495633840561,0.032168079167604446,4.1083119867835194e-05,0.10379382967948914,0.0007361265597864985,0.13296598196029663,0.0001440585037926212,0.8670339584350586,1,0.9405940771102905,17,"medium"
0.00439453125,7.129557388907415e-07,"tie",25393,True,0.014913780614733696,0.03751435503363609,4.7911049477988854e-05,0.8960837721824646,0.003780944040045142,0.9328880310058594,0.0009150446276180446,0.0671120211482048,2,1.0,17,"tiny"
0.005859375,1.043927454702498e-06,"tie",25393,True,0.13630445301532745,0.05017365887761116,6.407874025171623e-05,0.1494673639535904,0.0006333361961878836,0.18217338621616364,0.00017895223572850227,0.8178267478942871,3,0.9166666865348816,17,"tiny"
0.10107421875,5.02661578138941e-06,"couch",29596,True,0.008346613496541977,0.12745895981788635,0.0001478642225265503,0.008666595444083214,0.000148146937135607,0.1361255645751953,0.00014788219414185733,0.8638744950294495,0,0.9589372277259827,18,"large"
0.01708984375,1.090695513994433e-05,"chair",29596,True,0.0037063870113343,0.05174105986952782,6.002443114994094e-05,0.883397102355957,0.006113474722951651,0.9351381659507751,0.0009290990419685841,0.06486177444458008,1,0.0,18,"small"
0.0244140625,4.978779088560259e-06,"chair",29596,True,0.012997765094041824,0.04201719909906387,4.874385194852948e-05,0.6330387592315674,0.004620721098035574,0.6750558614730835,0.0006757315713912249,0.3249441385269165,2,0.5199999809265137,18,"small"
0.0126953125,9.281758138968144e-06,"dining table",29596,True,0.007635156624019146,0.7842223644256592,0.0009097707225009799,0.1165207028388977,0.0007820181199349463,0.9007430672645569,0.000890942697878927,0.09925703704357147,3,0.48076921701431274,18,"small"
0.001953125,8.849533332977444e-05,"book",29596,True,0.07688300311565399,0.7324525117874146,0.000849712872877717,0.11378148198127747,0.0007111342856660485,0.8462339639663696,0.0008280175970867276,0.15376600623130798,4,1.0,18,"tiny"
0.0009765625,1.0713249139371328e-05,"cup",29596,True,0.13069850206375122,0.7550426721572876,0.0008759197080507874,0.11425883322954178,0.0007096822955645621,0.8693014979362488,0.0008497572271153331,0.13069848716259003,5,1.0,18,"tiny"
0.138427734375,2.107473846990615e-06,"person",31093,True,0.00687091238796711,0.01954440027475357,2.238762863271404e-05,0.006503851152956486,0.0007031190325506032,0.02604825235903263,2.9524797355406918e-05,0.9739518165588379,0,0.9682539701461792,19,"large"
0.00390625,4.9002996092895046e-05,"person",31093,True,0.24002450704574585,0.006074409931898117,6.958087851671735e-06,0.03382766619324684,0.00023012020392343402,0.03990207612514496,3.911968451575376e-05,0.9600979089736938,1,0.75,19,"tiny"
0.0048828125,2.209899548688554e-06,"skateboard",31093,True,0.005943058989942074,0.6550592184066772,0.0007503542583435774,0.3152255117893219,0.002159079071134329,0.9702847003936768,0.0009521931642666459,0.029715290293097496,2,0.0,19,"tiny"
0.000244140625,5.4322954383678734e-05,"skateboard",31093,True,0.846265435218811,0.671262264251709,0.0007689145859330893,0.11717135459184647,0.0007772562676109374,0.7884337306022644,0.0007701430004090071,0.21156631410121918,3,1.0,19,"tiny"
0.13623046875,1.9918957150366623e-06,"person",32081,True,0.007052994333207607,0.008611337281763554,9.87255680229282e-06,0.00780442776158452,0.0006121119949966669,0.016107352450489998,1.8210686903330497e-05,0.9838926792144775,0,0.9892473220825195,20,"large"
0.012451171875,2.755270543275401e-06,"tennis racket",32081,True,0.07625116407871246,0.013588828966021538,1.557905306981411e-05,0.01484896894544363,0.00010644421854522079,0.02779773622751236,2.7488491468830034e-05,0.9722023010253906,1,1.0,20,"small"
0.029052734375,1.893155740617658e-06,"person",33005,True,0.0323805995285511,0.03519422560930252,3.5594664950622246e-05,0.0014830540167167783,0.000269646174274385,0.0366772823035717,3.688939614221454e-05,0.9633228778839111,0,0.9663865566253662,21,"small"
0.00537109375,2.563990392445703e-06,"tennis racket",33005,True,0.16983987390995026,0.05477198585867882,5.53951904294081e-05,0.011108740232884884,0.00037340307608246803,0.06588073074817657,6.468408537330106e-05,0.9341191649436951,1,1.0,21,"tiny"
0.104248046875,1.5051071386551484e-05,"broccoli",34205,True,0.008956018835306168,0.04394499957561493,4.790951425093226e-05,0.0,0.0,0.04394499957561493,4.790951425093226e-05,0.9560549259185791,0,1.0,22,"large"
0.2314453125,5.3665439736505505e-06,"sink",35770,True,0.0003075236745644361,0.8892862796783447,0.0012463720049709082,0.037830617278814316,0.0005147023475728929,0.927116870880127,0.0011780393542721868,0.07288310676813126,0,0.7848101258277893,23,"large"
0.0615234375,5.152107860340038e-06,"toilet",35770,True,0.01183629035949707,0.18614378571510315,0.0002608882787171751,0.0681699812412262,0.0002754342567641288,0.25431376695632935,0.0002646345237735659,0.7456862926483154,1,0.6746031641960144,23,"medium"
0.01025390625,2.9433591407723725e-05,"toilet",35770,True,0.0002361631632084027,0.21698346734046936,0.0003041114250663668,0.7805367112159729,0.002601789543405175,0.9975203275680542,0.0009842333383858204,0.0024797129444777966,2,0.5714285969734192,23,"small"
0.36328125,4.811253529624082e-05,"toilet",37670,True,0.002609239425510168,0.012075616046786308,2.193572436226532e-05,0.017287347465753555,0.00017031870083883405,0.029362961649894714,4.5035216317046434e-05,0.9706370830535889,0,0.9596773982048035,24,"large"
0.07080078125,2.1888583887630375e-06,"remote",37670,True,0.010818910785019398,0.012584147043526173,2.2859485397930257e-05,0.2030448466539383,0.0005063462303951383,0.2156289964914322,0.00022662007540930063,0.784371018409729,1,0.8689655065536499,24,"medium"
0.0283203125,3.666314341899124e-06,"person",37670,True,0.0205522570759058,0.23671118915081024,0.0004299930587876588,0.1672733873128891,0.00037631805753335357,0.40398457646369934,0.0004060146166011691,0.5960155129432678,2,0.8275862336158752,24,"small"
0.091552734375,6.334894351311959e-07,"person",38829,True,0.006759232375770807,0.027276013046503067,4.462333527044393e-05,0.33912014961242676,0.0010614088969305158,0.36632201075553894,0.0003937887668143958,0.6336780190467834,0,0.6666666865348816,25,"medium"
0.08349609375,2.1696980638807872e-06,"bicycle",38829,True,0.007938017137348652,0.10623349249362946,0.00017379711789544672,0.21507549285888672,0.0006567190866917372,0.32129961252212524,0.00034235441125929356,0.6787004470825195,1,0.9912280440330505,25,"medium"
0.064208984375,1.063192826222803e-06,"person",38829,True,0.005901542492210865,0.06834858655929565,0.00011181773152202368,0.5437131524085999,0.00156351737678051,0.6119736433029175,0.0006386367022059858,0.3880264163017273,2,0.7148289084434509,25,"medium"
0.0478515625,1.3318410765350563e-06,"motorcycle",38829,True,0.016029244288802147,0.05968247354030609,9.764004789758474e-05,0.15563009679317474,0.00042726180981844664,0.2145671248435974,0.000220068875933066,0.7854328155517578,3,0.5561224222183228,25,"medium"
0.046875,8.090305527730379e-07,"bicycle",38829,True,0.00012145243817940354,0.18239563703536987,0.00029839776107110083,0.811782717704773,0.0022195016499608755,0.9941703081130981,0.001018617069348693,0.00582971703261137,4,0.0,25,"medium"
0.048583984375,2.5834087864495814e-06,"person",38829,True,0.011335120536386967,0.10155737400054932,0.00016614705964457244,0.3348555862903595,0.0009211983997374773,0.4360777735710144,0.0004476036410778761,0.5639221668243408,5,0.6381909251213074,25,"medium"
0.01171875,5.0566882237035315e-06,"person",38829,True,0.06751345843076706,0.06278279423713684,0.00010271213977830485,0.12705563008785248,0.00031704461434856057,0.18983842432498932,0.00018758737132884562,0.8101615309715271,6,0.5,25,"small"
0.0087890625,2.0172103631921345e-06,"backpack",38829,True,0.08538207411766052,0.08920461684465408,0.00014593802916351706,0.142356738448143,0.00035258635762147605,0.2315613478422165,0.00022813925170339644,0.7684386968612671,7,0.6666666865348816,25,"tiny"
0.001708984375,0.00026989649632014334,"person",38829,True,0.00016043738287407905,0.3576720952987671,0.0005851486930623651,0.642047107219696,0.001562158577144146,0.9997192025184631,0.0009779597166925669,0.00028076538001187146,8,0.2857142984867096,25,"tiny"
0.299072265625,1.193339721794473e-05,"umbrella",40083,True,0.002990592969581485,0.03137123957276344,4.9384085286874324e-05,0.052759766578674316,0.0006395123200491071,0.08413100987672806,0.00011721492046490312,0.9158691167831421,0,0.9934694170951843,26,"large"
0.05810546875,4.025343969260575e-06,"car",40083,True,0.013371872715651989,0.13832861185073853,0.00021775459754280746,0.06604501605033875,0.00020059230155311525,0.20437362790107727,0.00021189593826420605,0.7956264019012451,1,0.8823529481887817,26,"medium"
0.00341796875,4.782255018653814e-06,"chair",40083,True,0.012988931499421597,0.8597214818000793,0.001353359199129045,0.09481723606586456,0.00024611869594082236,0.9545387625694275,0.0009353637578897178,0.0454612635076046,2,0.8571428656578064,26,"tiny"
0.01513671875,1.874070403573569e-05,"bicycle",40083,True,0.05643225088715553,0.0796116292476654,0.00012532330583781004,0.045688606798648834,0.00012240752403158695,0.12530022859573364,0.00012424415035638958,0.8746998906135559,3,0.9354838728904724,26,"small"
0.00244140625,0.0001530023291707039,"person",40083,True,0.0009279915248043835,0.9232160449028015,0.0014533117646351457,0.07446376979351044,0.00019278649415355176,0.9976799488067627,0.0009766814764589071,0.002319978317245841,4,0.0,26,"tiny"
0.00146484375,0.00038479865179397166,"car",40083,True,0.0010576824424788356,0.9116909503936768,0.0014351689023897052,0.0867224708199501,0.00022394442930817604,0.9984134435653687,0.0009764435817487538,0.0015865234890952706,5,1.0,26,"tiny"
0.69091796875,1.878247758213547e-06,"bus",42070,True,0.0013917220057919621,0.014805493876338005,4.692708171205595e-05,0.0005673298728652298,0.00045386390411294997,0.015356708317995071,4.85204036522191e-05,0.9846433401107788,0,0.9363957643508911,27,"large"
0.001220703125,0.00019352577510289848,"car",42070,True,0.5709348320960999,0.012942319735884666,4.10216161981225e-05,0.27575963735580444,0.0003897662681993097,0.28633156418800354,0.0002799624053295702,0.7136685252189636,1,1.0,27,"tiny"
0.027587890625,3.7340576000133296e-06,"skis",43314,True,0.033627212047576904,0.020085440948605537,2.101537029375322e-05,0.029998641461133957,0.0007453078869730234,0.05003125220537186,5.0244791054865345e-05,0.9499687552452087,0,0.8318583965301514,28,"small"
0.039306640625,1.8768575955618871e-06,"person",43314,True,0.022183267399668694,0.04173325374722481,4.366545545053668e-05,0.06626062840223312,0.0023455091286450624,0.10712356865406036,0.00010889309487538412,0.892876386642456,1,0.9254658222198486,28,"medium"
0.271484375,1.9565391085052397e-06,"person",44279,True,0.0035065908450633287,0.006391062401235104,1.1382125194359105e-05,0.018776746466755867,0.00010177099466091022,0.025167807936668396,3.3737014746293426e-05,0.9748321175575256,0,0.9676259160041809,29,"large"
0.09326171875,4.3540235310501885e-06,"person",44279,True,0.00961589626967907,0.008081966079771519,1.4393529454537202e-05,0.07359997183084488,0.00020054490596521646,0.08168194442987442,8.797194459475577e-05,0.918317973613739,1,0.801047146320343,29,"medium"
0.040283203125,8.190881635528058e-05,"oven",44279,True,0.003427476156502962,0.39643335342407227,0.0007060255738906562,0.4621833562850952,0.0010971712181344628,0.8586165904998779,0.0008736876770853996,0.14138339459896088,2,0.290909081697464,29,"medium"
0.03271484375,5.060197145212442e-05,"oven",44279,True,0.0020905991550534964,0.5734281539916992,0.0010212433990091085,0.356536865234375,0.0008310882840305567,0.9299650192260742,0.0009388844482600689,0.07003507018089294,3,0.05970149114727974,29,"medium"
0.006103515625,6.309144737315364e-06,"bowl",44279,True,0.024890661239624023,0.5863103270530701,0.001044185715727508,0.25812309980392456,0.0005657491856254637,0.8444334268569946,0.0008297060849145055,0.15556664764881134,4,0.3199999928474426,29,"tiny"
0.00390625,4.564756181935081e-06,"bowl",44279,True,0.16064000129699707,0.2601486146450043,0.000463310134364292,0.09729139506816864,0.00021219500922597945,0.3574400246143341,0.0003504314227029681,0.6425599455833435,5,0.75,29,"tiny"
0.0029296875,6.17801706539467e-05,"bowl",44279,True,0.00974330399185419,0.6652824282646179,0.0011848307913169265,0.30548760294914246,0.000664826191496104,0.9707701206207275,0.000950803398154676,0.0292299073189497,6,0.6666666865348816,29,"tiny"
0.0009765625,2.1876507162232883e-05,"bowl",44279,True,0.0005231536342762411,0.762139081954956,0.0013573269825428724,0.23733779788017273,0.0005142747540958226,0.9994768500328064,0.0009770056931301951,0.0005231536342762411,7,0.0,29,"tiny"
0.10400390625,4.049988547194516e-06,"train",50165,True,0.008864306844770908,0.05595143139362335,6.0982485592830926e-05,0.0,0.0,0.05595143139362335,6.0982485592830926e-05,0.9440486431121826,0,1.0,30,"large"
0.0732421875,1.080898641703243e-06,"horse",51309,True,0.0005604320904240012,0.036352451890707016,5.349883213057183e-05,0.9216151237487793,0.0034197226632386446,0.9579675197601318,0.0010094495955854654,0.042032402008771896,0,0.07666666805744171,31,"medium"
0.15234375,1.198221298182034e-06,"horse",51309,True,0.0026635508984327316,0.0816946029663086,0.00012022752343909815,0.5028583407402039,0.0026606260798871517,0.5844861268997192,0.0006733711343258619,0.41551393270492554,1,0.5256410241127014,31,"large"
0.111328125,6.740328899468295e-07,"horse",51309,True,0.00033886361052282155,0.24228312075138092,0.0003565609222277999,0.719111979007721,0.003113039070740342,0.961369514465332,0.0010564501862972975,0.038630448281764984,2,0.0,31,"large"
