area_frac,category,image_id,is_thing,map_inside_mean,map_neutral_mass_frac,map_neutral_mean,map_other_region_mass_frac,map_other_region_mean,map_outside_mass_frac,map_outside_mean,map_self_mass_frac,object_index,own_gt_patch_win_frac,sample_index,size_bucket
0.788330078125,"bear",285,True,0.9999997019767761,0.2116672247648239,0.999983549118042,0.0,0.0,0.2116672247648239,0.999983549118042,0.7883328199386597,0,1.0,0,"large"
0.044189453125,"person",4765,True,0.9999988079071045,0.9374926090240479,0.9998710751533508,0.018312674015760422,0.9999951124191284,0.955805242061615,0.9998733997344971,0.04419475048780441,0,0.9337016344070435,1,"medium"
0.018310546875,"surfboard",4765,True,0.9999985694885254,0.9374926090240479,0.9998586773872375,0.04419439658522606,0.9999784231185913,0.9816870093345642,0.9998640418052673,0.018312964588403702,1,0.9466666579246521,1,"small"
0.444091796875,"motorcycle",7386,True,0.999962568283081,0.5236411094665527,0.999793529510498,0.03368820995092392,0.9997760653495789,0.5558674931526184,0.9997977614402771,0.4441324770450592,0,0.912039577960968,2,"large"
0.02783203125,"truck",7386,True,0.9999984502792358,0.5237023234367371,0.9997598528862,0.4489462375640869,0.999657154083252,0.972160279750824,0.9997124671936035,0.027839774265885353,1,0.9122806787490845,2,"small"
0.005859375,"dog",7386,True,0.9999306201934814,0.5312218070030212,0.9923071265220642,0.46378669142723083,0.9623510241508484,0.9940106272697449,0.9780943989753723,0.005989403929561377,2,0.9166666865348816,2,"tiny"
0.508544921875,"bowl",8277,True,1.0,0.24145503342151642,0.9999997019767761,0.2517089247703552,0.9999996423721313,0.49145498871803284,0.9999997019767761,0.5085449814796448,0,0.7849255800247192,3,"large"
0.17724609375,"bowl",8277,True,0.9999998211860657,0.24145445227622986,0.9999942779541016,0.5849609971046448,0.9999969601631165,0.8227534294128418,0.9999962449073792,0.17724663019180298,1,0.85537189245224,3,"large"
0.028076171875,"fork",8277,True,0.9999984502792358,0.24130290746688843,0.999095618724823,0.7325668931007385,0.9999236464500427,0.971916139125824,0.9997177720069885,0.028083832934498787,2,0.48695650696754456,3,"small"
0.010986328125,"broccoli",8277,True,1.0,0.24129128456115723,0.9987702965736389,0.7479605078697205,0.9996591806411743,0.9890075922012329,0.9994421601295471,0.010992392897605896,3,0.35555556416511536,3,"small"
0.011962890625,"broccoli",8277,True,0.9999982118606567,0.24127693474292755,0.9985536336898804,0.7469959855079651,0.999518096446991,0.9880286455154419,0.9992823004722595,0.011971358209848404,4,0.3265306055545807,3,"small"
0.01171875,"broccoli",8277,True,1.0,0.24123749136924744,0.9983828663825989,0.7475239634513855,0.9995635747909546,0.9882728457450867,0.9992748498916626,0.01172715425491333,5,0.0,3,"small"
0.007568359375,"broccoli",8277,True,0.9999998807907104,0.2413766235113144,0.9993505477905273,0.7510525584220886,0.9997764825820923,0.9924291968345642,0.9996728301048279,0.007570816203951836,6,0.0,3,"tiny"
0.00732421875,"broccoli",8277,True,1.0,0.24139633774757385,0.9994837045669556,0.7527426481246948,0.9998027682304382,0.9926737546920776,0.9997248649597168,0.007326219696551561,7,0.0,3,"tiny"
0.04443359375,"person",9400,True,0.9999748468399048,0.8549350500106812,0.9996188282966614,0.1006179004907608,0.9999895691871643,0.9555529356002808,0.9996578097343445,0.04444706067442894,0,0.021978022530674934,4,"medium"
0.01708984375,"laptop",9400,True,1.0,0.8549739122390747,0.9999224543571472,0.1279350221157074,0.9999718070030212,0.9829089641571045,0.9999289512634277,0.017091037705540657,1,0.1428571492433548,4,"small"
0.02978515625,"keyboard",9400,True,1.0,0.8549262285232544,0.9994854927062988,0.11527520418167114,0.9999030828475952,0.9702013731002808,0.999535083770752,0.029798598960042,2,0.7704917788505554,4,"small"
0.0244140625,"keyboard",9400,True,1.0,0.854961097240448,0.9998092651367188,0.12062081694602966,0.9999591708183289,0.9755818247795105,0.9998276829719543,0.024418165907263756,3,0.3199999928474426,4,"small"
0.01123046875,"cup",9400,True,1.0,0.8549611568450928,0.9997997879981995,0.13380633294582367,0.9999514222145081,0.9887675642967224,0.999820351600647,0.011232463642954826,4,0.6086956262588501,4,"small"
0.00390625,"keyboard",9400,True,1.0,0.8549323081970215,0.9995507597923279,0.14115989208221436,0.9999372959136963,0.9960922002792358,0.9996055364608765,0.003907785285264254,5,0.0,4,"tiny"
0.00439453125,"mouse",9400,True,1.0,0.8546884059906006,0.9972087740898132,0.1409062147140503,0.9995443820953369,0.9955946803092957,0.9975387454032898,0.004405326209962368,6,0.0,4,"tiny"
0.005859375,"laptop",9400,True,0.999553382396698,0.8548832535743713,0.9991256594657898,0.1392555683851242,0.9999244213104248,0.994138777256012,0.9992374181747437,0.005861216690391302,7,0.1666666716337204,4,"tiny"
0.0029296875,"person",9400,True,1.0,0.8549758791923523,0.9999609589576721,0.14209434390068054,0.9999980330467224,0.9970701932907104,0.9999662041664124,0.0029297862201929092,8,0.0,4,"tiny"
0.0009765625,"keyboard",9400,True,0.999996542930603,0.8549719452857971,0.9999297857284546,0.14405140280723572,0.9999983310699463,0.9990233778953552,0.9999397397041321,0.0009766179136931896,9,1.0,4,"tiny"
0.17626953125,"person",10707,True,0.999999463558197,0.6972593665122986,0.9999370574951172,0.1264617145061493,0.9999212622642517,0.8237209916114807,0.9999346137046814,0.1762789487838745,0,0.8919667601585388,5,"large"
0.02587890625,"couch",10707,True,0.9999998807907104,0.6972562074661255,0.9998415112495422,0.27686113119125366,0.9998754262924194,0.9741173386573792,0.9998511672019958,0.025882653892040253,1,0.18867924809455872,5,"small"
0.056640625,"dining table",10707,True,0.9999992251396179,0.6971915364265442,0.9991220831871033,0.24710150063037872,0.999354362487793,0.9433156847953796,0.9991819858551025,0.05668432638049126,2,0.4137931168079376,5,"medium"
0.0146484375,"backpack",10707,True,0.9999989867210388,0.6971202492713928,0.9968858361244202,0.2881886959075928,0.9974493384361267,0.9853089451789856,0.9970505833625793,0.014691119082272053,3,0.3333333432674408,5,"small"
0.0087890625,"couch",10707,True,0.9999995827674866,0.6972923278808594,0.9994428753852844,0.29391345381736755,0.9992963671684265,0.9912056922912598,0.9993993639945984,0.00879429467022419,4,0.1666666716337204,5,"tiny"
0.00390625,"laptop",10707,True,1.0,0.694469690322876,0.9437726140022278,0.30140793323516846,0.9557527303695679,0.9958776235580444,0.9473666548728943,0.004122376907616854,5,0.5,5,"tiny"
0.005859375,"cup",10707,True,1.0,0.6973266005516052,0.9995050430297852,0.29778775572776794,0.9992035627365112,0.9941372275352478,0.9994142055511475,0.00586278922855854,6,0.3333333432674408,5,"tiny"
0.0029296875,"bottle",10707,True,0.9999997615814209,0.697781503200531,0.9967023730278015,0.2992769181728363,0.9942122101783752,0.9970584511756897,0.9959536194801331,0.002941554645076394,7,0.6666666865348816,5,"tiny"
0.00390625,"bottle",10707,True,1.0,0.6973909735679626,0.9994815587997437,0.2987000048160553,0.9988734722137451,0.9960910081863403,0.999299168586731,0.003908978775143623,8,0.0,5,"tiny"
0.001953125,"remote",10707,True,1.0,0.6966959834098816,0.9955690503120422,0.30134376883506775,0.9982465505599976,0.9980397820472717,0.9963759779930115,0.001960214925929904,9,0.0,5,"tiny"
0.001953125,"cup",10707,True,1.0,0.6973108649253845,0.9997155070304871,0.30073538422584534,0.9994982481002808,0.9980462193489075,0.9996500015258789,0.001953807659447193,10,0.0,5,"tiny"
0.0009765625,"remote",10707,True,1.0,0.6966912150382996,0.9936233758926392,0.3023267686367035,0.9963175654411316,0.9990179538726807,0.9944371581077576,0.0009820200502872467,11,0.0,5,"tiny"
0.11474609375,"zebra",11760,True,0.9999939799308777,0.7028821706771851,0.9999440312385559,0.18236583471298218,0.999902606010437,0.8852480053901672,0.999935507774353,0.11475203186273575,0,0.6382978558540344,6,"large"
0.087646484375,"zebra",11760,True,0.9998286366462708,0.7028694748878479,0.9998818039894104,0.2094900757074356,0.9999811053276062,0.9123595952987671,0.9999046325683594,0.08764040470123291,1,0.6935933232307434,6,"medium"
0.0947265625,"zebra",11760,True,0.9999980330467224,0.7028778791427612,0.9999409914016724,0.20239059627056122,0.9999354481697083,0.9052684307098389,0.9999396800994873,0.09473156183958054,2,0.561855673789978,6,"medium"
0.17822265625,"person",13201,True,0.9999744296073914,0.8217571973800659,0.9998365640640259,0.0,0.0,0.8217571973800659,0.9998365640640259,0.17824284732341766,0,1.0,7,"large"
0.3544921875,"bed",14831,True,1.0,0.6455077528953552,0.9999998211860657,0.0,0.0,0.6455077528953552,0.9999998211860657,0.3544922173023224,0,1.0,8,"large"
0.25390625,"fire hydrant",15746,True,0.9999997615814209,0.7460294961929321,0.999660313129425,0.0,0.0,0.7460294961929321,0.999660313129425,0.25397059321403503,0,1.0,9,"large"
0.09765625,"dog",17029,True,0.999993085861206,0.8288138508796692,0.999679684638977,0.07350436598062515,0.999977707862854,0.9023182392120361,0.9997040033340454,0.09768172353506088,0,0.7599999904632568,10,"medium"
0.065673828125,"car",17029,True,0.9999998807907104,0.8287891149520874,0.9994794726371765,0.10550825297832489,0.9999362230300903,0.9342974424362183,0.999531090259552,0.06570260971784592,1,0.9702602028846741,10,"medium"
0.0078125,"frisbee",17029,True,0.9999997019767761,0.8288107514381409,0.9996363520622253,0.16337436437606812,0.9999637007713318,0.992185115814209,0.9996901750564575,0.007814900018274784,2,0.875,10,"tiny"
0.025390625,"cup",17714,True,1.0,0.9594473242759705,0.9993423819541931,0.015146019868552685,0.9999828934669495,0.9745933413505554,0.9993523359298706,0.02540666237473488,0,0.7307692170143127,11,"small"
0.0087890625,"fork",17714,True,0.9999998807907104,0.9594590663909912,0.9996381998062134,0.031748827546834946,0.9999845027923584,0.9912078976631165,0.9996492862701416,0.008792118169367313,1,0.8888888955116272,11,"tiny"
0.0029296875,"banana",17714,True,1.0,0.9594642519950867,0.9997676610946655,0.03760535269975662,0.9999810457229614,0.9970696568489075,0.999775767326355,0.002930342685431242,2,0.3333333432674408,11,"tiny"
0.00341796875,"banana",17714,True,1.0,0.9594602584838867,0.999640703201294,0.037120528519153595,0.9999540448188782,0.9965808391571045,0.9996523857116699,0.0034191531594842672,3,1.0,11,"tiny"
0.4287109375,"person",19402,True,0.9999995827674866,0.5712880492210388,0.9999951720237732,0.0,0.0,0.5712880492210388,0.9999951720237732,0.42871204018592834,0,1.0,12,"large"
0.013671875,"dining table",20553,True,0.9999998807907104,0.9750913977622986,0.9994558691978455,0.011229308322072029,0.9993589520454407,0.9863207936286926,0.9994547963142395,0.013679228723049164,0,0.7142857313156128,13,"small"
0.0078125,"teddy bear",20553,True,0.9999212026596069,0.9748513698577881,0.9897663593292236,0.017258042469620705,0.9997602105140686,0.9921092987060547,0.9899384379386902,0.007890661247074604,1,0.59375,13,"tiny"
0.00341796875,"vase",20553,True,1.0,0.9750447869300842,0.9977814555168152,0.021529806777834892,0.9999456405639648,0.9965746402740479,0.9978281259536743,0.00342538277618587,2,0.8571428656578064,13,"tiny"
0.212646484375,"person",22479,True,0.999993622303009,0.7302046418190002,0.9998857378959656,0.057620059698820114,0.9999628663063049,0.7873364090919495,0.9998912811279297,0.21266362071037292,0,0.7841561436653137,14,"large"
0.0556640625,"skateboard",22479,True,1.0,0.7302113175392151,0.9999134540557861,0.21460910141468048,0.9999759197235107,0.9443321228027344,0.9999276399612427,0.05566786602139473,1,1.0,14,"medium"
0.001953125,"bench",22479,True,1.0,0.7303440570831299,0.9993569850921631,0.2677011787891388,0.9987416863441467,0.9980453252792358,0.99919193983078,0.0019547014962881804,2,1.0,14,"tiny"
0.20849609375,"horse",23126,True,0.9999274015426636,0.6811845302581787,0.9998900890350342,0.11054593324661255,0.9993929266929626,0.7914862632751465,0.9998206496238708,0.20851372182369232,0,0.9063231945037842,15,"large"
0.110595703125,"person",23126,True,0.9999789595603943,0.6810789704322815,0.9996289014816284,0.20854274928569794,0.9999603629112244,0.8893774747848511,0.9997064471244812,0.11062251776456833,1,0.9668874144554138,15,"large"
0.02197265625,"kite",24027,True,0.9999983310699463,0.9765589833259583,0.9996755719184875,0.0014613429084420204,0.9972900748252869,0.9780203104019165,0.999671995639801,0.021979669108986855,0,1.0,16,"small"
0.00146484375,"person",24027,True,1.0,0.9760776162147522,0.9783588647842407,0.02242584340274334,0.9990336298942566,0.9985035061836243,0.9788138270378113,0.0014965024311095476,1,1.0,16,"tiny"
0.1279296875,"person",25393,True,0.9999890327453613,0.7637791037559509,0.995099663734436,0.1082988902926445,0.999821126461029,0.8715879321098328,0.9956812262535095,0.12841211259365082,0,0.6068702340126038,17,"large"
0.0986328125,"person",25393,True,0.9999943971633911,0.763889729976654,0.995755136013031,0.13813567161560059,0.999931812286377,0.9010456204414368,0.9963885545730591,0.09895443916320801,1,0.8712871074676514,17,"medium"
0.00439453125,"tie",25393,True,0.999999463558197,0.7597503066062927,0.9731603264808655,0.23626139760017395,0.9998151063919067,0.9955132007598877,0.9793435335159302,0.004486802965402603,2,0.2222222238779068,17,"tiny"
0.005859375,"tie",25393,True,0.9999999403953552,0.7620503902435303,0.9848487973213196,0.23300856351852417,0.9990966320037842,0.9940707087516785,0.988136887550354,0.005929302424192429,3,1.0,17,"tiny"
0.10107421875,"couch",29596,True,0.999999463558197,0.8417972326278687,0.9999961256980896,0.05712825059890747,0.9999842047691345,0.8989254832267761,0.9999953508377075,0.10107459872961044,0,0.6256038546562195,18,"large"
0.01708984375,"chair",29596,True,0.999951183795929,0.8424951434135437,0.9990000128746033,0.14038456976413727,0.9930174946784973,0.9828796982765198,0.9981411099433899,0.017120303586125374,1,0.17142857611179352,18,"small"
0.0244140625,"chair",29596,True,0.9999904036521912,0.8417418003082275,0.9994398355484009,0.13383227586746216,0.999828040599823,0.9755740761756897,0.9994930624961853,0.024425912648439407,2,0.46000000834465027,18,"small"
0.0126953125,"dining table",29596,True,1.0,0.8417977690696716,0.9999937415122986,0.1455068588256836,0.9999861717224121,0.9873045682907104,0.9999926090240479,0.012695404700934887,3,0.3076923191547394,18,"small"
0.001953125,"book",29596,True,0.9999998807907104,0.8451155424118042,0.9996779561042786,0.15292295813560486,0.9745496511459351,0.9980385303497314,0.9957440495491028,0.0019614563789218664,4,1.0,18,"tiny"
0.0009765625,"cup",29596,True,1.0,0.8448377251625061,0.9994713664054871,0.15418167412281036,0.9765875935554504,0.9990193843841553,0.9958698749542236,0.0009806085145100951,5,0.0,18,"tiny"
0.138427734375,"person",31093,True,0.9998923540115356,0.8523693084716797,0.9985475540161133,0.009044146165251732,0.9999563097953796,0.8614134192466736,0.9985622763633728,0.13858656585216522,0,0.9276896119117737,19,"large"
0.00390625,"person",31093,True,0.9999994039535522,0.8524267673492432,0.9979706406593323,0.14365948736667633,0.9988307952880859,0.9960862994194031,0.9980946779251099,0.003913675434887409,1,0.25,19,"tiny"
0.0048828125,"skateboard",31093,True,0.9999943971633911,0.8525534868240356,0.9997025728225708,0.1425621658563614,0.999573826789856,0.9951156377792358,0.9996840953826904,0.0048843203112483025,2,0.20000000298023224,19,"tiny"
0.000244140625,"skateboard",31093,True,1.0,0.852547824382782,0.9997990727424622,0.14720797538757324,0.9997288584709167,0.9997557997703552,0.9997887015342712,0.00024419219698756933,3,0.0,19,"tiny"
0.13623046875,"person",32081,True,0.9999982714653015,0.85179603099823,0.9999136924743652,0.012452063150703907,0.9999977350234985,0.8637596964836121,0.999914824962616,0.13624028861522675,0,0.9534050226211548,20,"large"
0.012451171875,"tennis racket",32081,True,1.0,0.851654589176178,0.9980484843254089,0.1363612860441208,0.9991852045059204,0.9875267148017883,0.9982043504714966,0.012473290786147118,1,1.0,20,"small"
0.029052734375,"person",33005,True,0.9998245239257812,0.9652179479598999,0.9891858100891113,0.005427761003375053,0.9999931454658508,0.9706456661224365,0.989245593547821,0.02935430221259594,0,0.7731092572212219,21,"small"
0.00537109375,"tennis racket",33005,True,1.0,0.9651914238929749,0.9856374859809875,0.029361410066485405,0.9965066313743591,0.9945527911186218,0.9859549403190613,0.00544718885794282,1,1.0,21,"tiny"
0.104248046875,"broccoli",34205,True,0.9999052286148071,0.8954917192459106,0.9971258044242859,0.0,0.0,0.8954917192459106,0.9971258044242859,0.10450825840234756,0,1.0,22,"large"
0.2314453125,"sink",35770,True,0.9999997615814209,0.6967747211456299,0.9999799132347107,0.07177621871232986,0.9999680519104004,0.7685509324073792,0.9999787211418152,0.23144903779029846,0,0.7594936490058899,23,"large"
0.0615234375,"toilet",35770,True,0.9999997019767761,0.6967766284942627,0.9999903440475464,0.24169939756393433,0.9999921321868896,0.938476026058197,0.9999907612800598,0.06152395159006119,1,0.4761904776096344,23,"medium"
0.01025390625,"toilet",35770,True,0.9999991059303284,0.6967769265174866,0.9999961256980896,0.2929691672325134,0.999998152256012,0.9897460341453552,0.9999967217445374,0.010253929533064365,2,0.380952388048172,23,"small"
0.36328125,"toilet",37670,True,0.9999993443489075,0.5375951528549194,0.9999572038650513,0.0991099625825882,0.9998496174812317,0.6367051005363464,0.9999404549598694,0.3632948696613312,0,0.9462365508079529,24,"large"
0.07080078125,"remote",37670,True,0.9997020959854126,0.5376354455947876,0.9995212554931641,0.39154601097106934,0.9993091821670532,0.9291814565658569,0.999431848526001,0.07081856578588486,1,0.6896551847457886,24,"medium"
0.0283203125,"person",37670,True,0.9942176938056946,0.5381321310997009,0.9924370646476746,0.4334685802459717,0.9900502562522888,0.9716007113456726,0.9913707971572876,0.028399331495165825,2,0.5517241358757019,24,"small"
0.091552734375,"person",38829,True,0.9999011158943176,0.595861554145813,0.9952583909034729,0.31281155347824097,0.9995884895324707,0.9081838130950928,0.9967435002326965,0.09181613475084305,0,0.01066666655242443,25,"medium"
0.08349609375,"bicycle",38829,True,0.9999940395355225,0.5970363020896912,0.999225914478302,0.3196318447589874,0.9984368681907654,0.9164239764213562,0.9989506006240845,0.0835760161280632,1,0.7309941649436951,25,"medium"
0.064208984375,"person",38829,True,0.9999235272407532,0.5959829688072205,0.995891273021698,0.34038394689559937,0.9997671842575073,0.9356327056884766,0.9972946643829346,0.06436734646558762,2,0.9049429893493652,25,"medium"
0.0478515625,"motorcycle",38829,True,1.0,0.5971654057502747,0.9995708465576172,0.3554317057132721,0.9983766674995422,0.9521085023880005,0.9991245269775391,0.04789148271083832,3,0.5204081535339355,25,"medium"
0.046875,"bicycle",38829,True,0.9994247555732727,0.5970495939254761,0.9991822838783264,0.3570258915424347,0.9985471963882446,0.9531037211418152,0.9989495873451233,0.046896252781152725,4,0.0416666679084301,25,"medium"
0.048583984375,"person",38829,True,0.9999937415122986,0.5963742136955261,0.9971837401390076,0.3554389774799347,0.9993919730186462,0.9513240456581116,0.998006284236908,0.0486760288476944,5,0.4170854389667511,25,"medium"
0.01171875,"person",38829,True,0.9998912215232849,0.5964598655700684,0.9957951903343201,0.39178231358528137,0.9976517558097839,0.9882422089576721,0.9965304136276245,0.01175780687481165,6,0.0833333358168602,25,"small"
0.0087890625,"backpack",38829,True,0.9999194741249084,0.5969690084457397,0.9948761463165283,0.3941965699195862,0.9945723414421082,0.9911656379699707,0.9947553873062134,0.008834285661578178,7,0.5555555820465088,25,"tiny"
0.001708984375,"person",38829,True,0.9999640583992004,0.5969204306602478,0.9997876882553101,0.4013702869415283,0.9998011589050293,0.9982907176017761,0.9997931122779846,0.0017092759953811765,8,0.0,25,"tiny"
0.299072265625,"umbrella",40083,True,0.9999998807907104,0.6142688989639282,0.974397599697113,0.08181498944759369,0.9993124008178711,0.6960839629173279,0.977261483669281,0.3039160668849945,0,0.8171428442001343,26,"large"
0.05810546875,"car",40083,True,0.9999995231628418,0.6179800033569336,0.9899282455444336,0.32354864478111267,0.9999718070030212,0.9415287375450134,0.9933568835258484,0.058471307158470154,1,0.5126050710678101,26,"medium"
0.00341796875,"chair",40083,True,0.9999999403953552,0.6203281879425049,0.9996700882911682,0.3762528896331787,0.9998089075088501,0.9965810775756836,0.9997224807739258,0.0034189140424132347,2,1.0,26,"tiny"
0.01513671875,"bicycle",40083,True,0.9994913935661316,0.6179014444351196,0.9895910024642944,0.36687102913856506,0.9999880790710449,0.9847725033760071,0.9934390783309937,0.01522753294557333,3,0.8709677457809448,26,"small"
0.00244140625,"person",40083,True,0.9999713897705078,0.6202340126037598,0.9991143345832825,0.37732306122779846,0.9996526837348938,0.9975570440292358,0.9993178844451904,0.002442999044433236,4,0.20000000298023224,26,"tiny"
0.00146484375,"car",40083,True,0.9999978542327881,0.6191670298576355,0.994930624961853,0.37936344742774963,0.99998539686203,0.9985305070877075,0.996845006942749,0.0014694699784740806,5,1.0,26,"tiny"
0.69091796875,"bus",42070,True,0.9999099373817444,0.3081127405166626,0.9999440908432007,0.00122077448759228,0.9999788999557495,0.30908939242362976,0.999944269657135,0.6909106969833374,0,0.9929328560829163,27,"large"
0.001220703125,"car",42070,True,0.9999998807907104,0.30962884426116943,0.9995513558387756,0.6893892288208008,0.9924328327178955,0.9987727403640747,0.9946269989013672,0.001227289205417037,1,1.0,27,"tiny"
0.027587890625,"skis",43314,True,0.9986458420753479,0.9333341121673584,0.9989603161811829,0.03933155536651611,0.999610185623169,0.9724212884902954,0.9989863634109497,0.027578746899962425,0,0.7256637215614319,28,"small"
0.039306640625,"person",43314,True,0.9999892711639404,0.9332631230354309,0.998548686504364,0.027621611952781677,0.9998619556427002,0.9606402516365051,0.9985860586166382,0.03935969993472099,1,1.0,28,"medium"
0.271484375,"person",44279,True,0.9999889135360718,0.5483143925666809,0.9998629093170166,0.1801796406507492,0.9999307990074158,0.7284940481185913,0.9998797178268433,0.2715059816837311,0,0.43525180220603943,29,"large"
0.09326171875,"person",44279,True,0.9997847676277161,0.5472595691680908,0.9948567152023315,0.3592013716697693,0.9990537166595459,0.9064609408378601,0.9965156316757202,0.0935390517115593,1,0.5130890011787415,29,"medium"
0.040283203125,"oven",44279,True,0.9999992847442627,0.5483606457710266,0.9999858736991882,0.4113540053367615,0.9998921155929565,0.9597147107124329,0.9999457001686096,0.040285270661115646,2,0.024242423474788666,29,"medium"
0.03271484375,"oven",44279,True,1.0,0.5483472347259521,0.9999947547912598,0.4189372956752777,0.9999621510505676,0.9672845602035522,0.999980628490448,0.03271545469760895,3,1.0,29,"medium"
0.006103515625,"bowl",44279,True,1.0,0.5483109951019287,0.9996803998947144,0.44558387994766235,0.9997941255569458,0.9938948750495911,0.9997313022613525,0.006105145905166864,4,0.03999999910593033,29,"tiny"
0.00390625,"bowl",44279,True,1.0,0.5483071804046631,0.9996472597122192,0.4477854073047638,0.9997771978378296,0.9960926175117493,0.9997057318687439,0.003907395526766777,5,0.0,29,"tiny"
0.0029296875,"bowl",44279,True,1.0,0.5483134388923645,0.9997895359992981,0.44875648617744446,0.9998957514762878,0.9970698356628418,0.9998372793197632,0.002930162940174341,6,0.0,29,"tiny"
0.0009765625,"bowl",44279,True,1.0,0.5483283996582031,0.9997108578681946,0.45069482922554016,0.9997566342353821,0.9990231990814209,0.9997314810752869,0.0009768245508894324,7,0.0,29,"tiny"
0.10400390625,"train",50165,True,0.9999997615814209,0.8959870338439941,0.999902606010437,0.0,0.0,0.8959870338439941,0.999902606010437,0.10401295870542526,0,1.0,30,"large"
0.0732421875,"horse",51309,True,0.9999957084655762,0.6635642647743225,0.99995356798172,0.2631915509700775,0.9999988675117493,0.9267557859420776,0.9999664425849915,0.07324417680501938,0,0.4633333384990692,31,"medium"
0.15234375,"horse",51309,True,0.9999980330467224,0.6635528802871704,0.9998984932899475,0.18458139896392822,0.999990701675415,0.8476459980010986,0.999918520450592,0.15235401690006256,1,0.8621794581413269,31,"large"
0.111328125,"horse",51309,True,0.9999952912330627,0.6635609865188599,0.99993497133255,0.22559469938278198,0.9999938011169434,0.8886674046516418,0.9999498724937439,0.11133261770009995,2,0.03947368264198303,31,"large"
